0.0373155649968771	-0.690653342611405	-0.7113550279998235
-0.7113550279998235	-0.690653342611405	-0.7113550279998235
-0.7113550279998235	-0.613488838554477	-0.7113550279998235
0.6047290670575344	-0.690653342611405	-0.7113550279998235
-0.5655612809425713	-0.690653342611405	-0.7113550279998235
-0.7113550279998235	-0.613488838554477	-0.7113550279998235
-0.7113550279998235	-0.613488838554477	-0.7113550279998235
-0.7113550279998235	-0.613488838554477	-0.7113550279998235
-0.7113550279998235	-0.613488838554477	-0.7113550279998235
-0.7113550279998235	-0.613488838554477	-0.7113550279998235
-0.7113550279998235	-0.613488838554477	-0.7113550279998235
-0.7113550279998235	-0.613488838554477	-0.7113550279998235
-0.7113550279998235	-0.613488838554477	-0.7113550279998235
0.029434821912701303	-0.690653342611405	-0.7113550279998235
-0.7113550279998235	-0.690653342611405	-0.7113550279998235
-0.7113550279998235	-0.613488838554477	-0.7113550279998235
0.6283712963100617	-0.690653342611405	-0.7113550279998235
-0.5695016524846591	-0.690653342611405	-0.7113550279998235
-0.7113550279998235	-0.613488838554477	-0.7113550279998235
-0.7113550279998235	-0.613488838554477	-0.7113550279998235
-0.7113550279998235	-0.613488838554477	-0.7113550279998235
-0.7113550279998235	-0.613488838554477	-0.7113550279998235
-0.7113550279998235	-0.613488838554477	-0.7113550279998235
-0.7113550279998235	-0.613488838554477	-0.7113550279998235
-0.7113550279998235	-0.613488838554477	-0.7113550279998235
-0.7113550279998235	-0.613488838554477	-0.7113550279998235
0.30920120140094204	-0.690653342611405	-0.7113550279998235
-0.7113550279998235	-0.613488838554477	-0.7113550279998235
1.9208131621148923	-0.729235594639869	-0.5655612809425713
1.9956802214145624	-0.729235594639869	-0.4788731070166375
-0.3173178737910337	-0.18908406624137314	-0.40006567617487954
-0.3173178737910337	-0.18908406624137314	-0.40006567617487954
-0.7113550279998235	0.11957394998633877	-0.39612530463279166
-0.23457007140718786	-0.22766631826983713	-0.39612530463279166
-0.23457007140718786	-0.22766631826983713	-0.39612530463279166
-0.2857949014543305	-0.15050181421290915	-0.39612530463279166
-0.28973527299641844	-0.18908406624137314	-0.39612530463279166
-0.28973527299641844	-0.18908406624137314	-0.39612530463279166
-0.36460233229608846	-0.18908406624137314	-0.38824456154861586
-0.36460233229608846	-0.15050181421290915	-0.38824456154861586
-0.36460233229608846	-0.15050181421290915	-0.38824456154861586
-0.36460233229608846	-0.15050181421290915	-0.38824456154861586
-0.3409601030435611	-0.15050181421290915	-0.38036381846444006
-0.3409601030435611	-0.15050181421290915	-0.38036381846444006
-0.3409601030435611	-0.15050181421290915	-0.3764234469223522
-0.39612530463279166	-0.15050181421290915	-0.37248307538026426
-0.39612530463279166	-0.15050181421290915	-0.37248307538026426
-0.3764234469223522	-0.15050181421290915	-0.3685427038381764
-0.3764234469223522	-0.15050181421290915	-0.36460233229608846
-0.36460233229608846	-0.15050181421290915	-0.36460233229608846
-0.35672158921191266	-0.15050181421290915	-0.36460233229608846
-0.3370197315014732	-0.15050181421290915	-0.36460233229608846
-0.3212582453331216	-0.15050181421290915	-0.36460233229608846
-0.3212582453331216	-0.15050181421290915	-0.36460233229608846
-0.19122598444422098	-0.22766631826983713	-0.3606619607540006
-0.3212582453331216	-0.22766631826983713	-0.3606619607540006
-0.3606619607540006	-0.18908406624137314	-0.3606619607540006
-0.19122598444422098	-0.22766631826983713	-0.3606619607540006
-0.3212582453331216	-0.22766631826983713	-0.3606619607540006
-0.3606619607540006	-0.18908406624137314	-0.3606619607540006
-0.17940486981795728	-0.22766631826983713	-0.3606619607540006
-0.3212582453331216	-0.22766631826983713	-0.3606619607540006
-0.3606619607540006	-0.18908406624137314	-0.3606619607540006
-0.3212582453331216	-0.18908406624137314	-0.3606619607540006
-0.3606619607540006	-0.15050181421290915	-0.35672158921191266
-0.35672158921191266	-0.15050181421290915	-0.35672158921191266
-0.35672158921191266	-0.15050181421290915	-0.35672158921191266
-0.39612530463279166	-0.15050181421290915	-0.35672158921191266
-0.344900474585649	-0.15050181421290915	-0.34884084612773686
-0.344900474585649	-0.15050181421290915	-0.34884084612773686
-0.3606619607540006	-0.11191956218444515	-0.344900474585649
-0.3606619607540006	-0.11191956218444515	-0.344900474585649
-0.35672158921191266	-0.15050181421290915	-0.344900474585649
-0.36460233229608846	-0.15050181421290915	-0.344900474585649
-0.39612530463279166	-0.11191956218444515	-0.3409601030435611
-0.39612530463279166	-0.11191956218444515	-0.3409601030435611
-0.3764234469223522	-0.15050181421290915	-0.3370197315014732
-0.35672158921191266	-0.15050181421290915	-0.3370197315014732
-0.38036381846444006	-0.15050181421290915	-0.3370197315014732
-0.40794641925905534	-0.11191956218444515	-0.3370197315014732
-0.40400604771696746	-0.15050181421290915	-0.3330793599593853
-0.23457007140718786	-0.22766631826983713	-0.3291389884172974
-0.39612530463279166	-0.15050181421290915	-0.3291389884172974
-0.39612530463279166	-0.11191956218444515	-0.3291389884172974
-0.16364338364960568	-0.22766631826983713	-0.3212582453331216
-0.16364338364960568	-0.22766631826983713	-0.3212582453331216
-0.3764234469223522	-0.15050181421290915	-0.3212582453331216
-0.3370197315014732	-0.11191956218444515	-0.3173178737910337
-0.2936756445385063	-0.15050181421290915	-0.3173178737910337
-0.15970301210751778	-0.18908406624137314	-0.2936756445385063
-0.40006567617487954	-0.11191956218444515	-0.2936756445385063
-0.39218493309070374	-0.11191956218444515	-0.2936756445385063
-0.39218493309070374	-0.11191956218444515	-0.2936756445385063
-0.39218493309070374	-0.11191956218444515	-0.2936756445385063
-0.3685427038381764	-0.11191956218444515	-0.28973527299641844
-0.3685427038381764	-0.15050181421290915	-0.2857949014543305
-0.6758916841210324	0.08099169795787478	-0.2779141583701547
-0.35672158921191266	-0.11191956218444515	-0.2779141583701547
-0.38824456154861586	-0.11191956218444515	-0.2700334152859789
-0.2779141583701547	-0.18908406624137314	-0.23457007140718786
-0.2779141583701547	-0.18908406624137314	-0.23457007140718786
-0.2779141583701547	-0.18908406624137314	-0.23457007140718786
-0.3291389884172974	-0.11191956218444515	-0.20304709907048465
-0.3291389884172974	-0.11191956218444515	-0.20304709907048465
-0.3291389884172974	-0.11191956218444515	-0.20304709907048465
-0.3291389884172974	-0.15050181421290915	-0.20304709907048465
-0.39612530463279166	0.042409445929410795	-0.19122598444422098
-0.3330793599593853	-0.07333731015598116	-0.17940486981795728
-0.5497997947742197	0.042409445929410795	-0.15970301210751778
-0.5497997947742197	0.042409445929410795	-0.15970301210751778
-0.29761601608059424	-0.15050181421290915	-0.08483595280784773
0.16734782588577773	0.11957394998633877	-0.06513409509740824
0.11218262429654716	0.11957394998633877	-0.06513409509740824
0.11218262429654716	0.11957394998633877	-0.06513409509740824
0.2028111697645688	0.15815620201480277	-0.05331298047114455
0.2028111697645688	0.15815620201480277	-0.05331298047114455
0.2028111697645688	0.15815620201480277	-0.05331298047114455
0.025494450370613406	0.15815620201480277	-0.05331298047114455
0.025494450370613406	0.15815620201480277	-0.05331298047114455
-0.037551494302792955	0.23532070607173072	-0.045432237386968756
0.04913667962314079	0.11957394998633877	-0.041491865844880856
0.057017422707316585	0.11957394998633877	-0.041491865844880856
0.057017422707316585	0.11957394998633877	-0.041491865844880856
-0.05331298047114455	0.15815620201480277	-0.037551494302792955
-0.05331298047114455	0.15815620201480277	-0.037551494302792955
-0.05331298047114455	0.15815620201480277	-0.037551494302792955
0.16734782588577773	0.11957394998633877	-0.037551494302792955
-0.06513409509740824	0.23532070607173072	0.0018522211180860195
-0.06513409509740824	0.23532070607173072	0.0018522211180860195
-0.06513409509740824	0.23532070607173072	0.0018522211180860195
-0.06513409509740824	0.23532070607173072	0.0018522211180860195
0.08460002350193187	0.15815620201480277	0.0018522211180860195
0.057017422707316585	0.15815620201480277	0.0018522211180860195
0.05307705116522869	0.15815620201480277	0.0018522211180860195
-0.29761601608059424	0.4282319662140507	0.005792592660173917
0.0451963080810529	0.15815620201480277	0.009732964202261815
-0.041491865844880856	0.23532070607173072	0.025494450370613406
-0.05331298047114455	0.23532070607173072	0.025494450370613406
0.14370559663325033	0.15815620201480277	0.025494450370613406
0.09642113812819557	0.15815620201480277	0.025494450370613406
0.07671928041775608	0.15815620201480277	0.029434821912701303
0.06489816579149238	0.15815620201480277	0.029434821912701303
0.06489816579149238	0.15815620201480277	0.029434821912701303
0.009732964202261815	0.19673845404326673	0.029434821912701303
-0.006028521966089776	0.19673845404326673	0.029434821912701303
0.033375193454789204	0.19673845404326673	0.029434821912701303
0.02155407882852551	0.19673845404326673	0.033375193454789204
0.013673335744349712	0.19673845404326673	0.033375193454789204
0.033375193454789204	0.19673845404326673	0.041255936538965
0.08065965195984398	0.15815620201480277	0.0451963080810529
0.08065965195984398	0.15815620201480277	0.0451963080810529
0.029434821912701303	0.19673845404326673	0.0451963080810529
0.029434821912701303	0.19673845404326673	0.0451963080810529
0.08854039504401977	0.2739029581001947	0.04913667962314079
-0.05331298047114455	0.23532070607173072	0.04913667962314079
0.0018522211180860195	0.23532070607173072	0.04913667962314079
-0.045432237386968756	0.23532070607173072	0.05307705116522869
0.06883853733358028	0.19673845404326673	0.05307705116522869
0.12400373892281084	0.2739029581001947	0.057017422707316585
0.12400373892281084	0.2739029581001947	0.057017422707316585
0.15552671125951403	0.15815620201480277	0.057017422707316585
0.08460002350193187	0.19673845404326673	0.057017422707316585
0.04913667962314079	0.19673845404326673	0.057017422707316585
0.04913667962314079	0.15815620201480277	0.057017422707316585
0.06883853733358028	0.15815620201480277	0.060957794249404486
0.06883853733358028	0.15815620201480277	0.060957794249404486
0.04913667962314079	0.15815620201480277	0.06489816579149238
0.029434821912701303	0.19673845404326673	0.06489816579149238
0.033375193454789204	0.19673845404326673	0.07277890887566818
0.07277890887566818	0.19673845404326673	0.07277890887566818
0.0018522211180860195	0.23532070607173072	0.07671928041775608
0.04913667962314079	0.19673845404326673	0.07671928041775608
0.04913667962314079	0.19673845404326673	0.07671928041775608
-0.01784963659235347	0.23532070607173072	0.08460002350193187
-0.045432237386968756	0.23532070607173072	0.08460002350193187
0.041255936538965	0.19673845404326673	0.08460002350193187
0.041255936538965	0.19673845404326673	0.08460002350193187
-0.2700334152859789	0.4282319662140507	0.08854039504401977
-0.2700334152859789	0.4282319662140507	0.08854039504401977
0.08065965195984398	0.15815620201480277	0.09248076658610767
0.08065965195984398	0.15815620201480277	0.09248076658610767
0.005792592660173917	0.2739029581001947	0.11218262429654716
0.033375193454789204	0.19673845404326673	0.12006336738072296
-0.2779141583701547	0.3896497141855867	0.12400373892281084
-0.2779141583701547	0.3896497141855867	0.12400373892281084
0.02155407882852551	0.19673845404326673	0.13976522509116243
-0.20304709907048465	0.3896497141855867	0.16340745434368983
-0.08483595280784773	0.3510674621571227	0.16734782588577773
0.005792592660173917	0.3510674621571227	0.16734782588577773
0.005792592660173917	0.3510674621571227	0.16734782588577773
-0.20304709907048465	0.3896497141855867	0.2028111697645688
-0.1478818974812541	0.3510674621571227	0.2028111697645688
0.029434821912701303	0.19673845404326673	0.2697974859800631
0.4943986638790732	0.5053964702709787	0.34072417373764524
0.4786371777107217	0.5053964702709787	0.3446645452797331
0.45893532000028214	0.5053964702709787	0.3446645452797331
0.029434821912701303	0.19673845404326673	0.3525452883639089
0.029434821912701303	0.7754722344702265	0.3525452883639089
0.4786371777107217	0.5053964702709787	0.3525452883639089
0.581086837805007	0.5053964702709787	0.3525452883639089
0.581086837805007	0.5053964702709787	0.3525452883639089
0.46681606308445794	0.5053964702709787	0.3604260314480847
0.46681606308445794	0.5053964702709787	0.3604260314480847
0.3525452883639089	0.5825609743279067	0.3880086322427
0.3643664029901726	0.5439787222994427	0.3958893753268758
0.3525452883639089	0.5439787222994427	0.3958893753268758
0.44711420537401847	0.5053964702709787	0.3958893753268758
0.3525452883639089	0.5439787222994427	0.3958893753268758
0.44711420537401847	0.5053964702709787	0.3958893753268758
0.40771048995313947	0.5439787222994427	0.3958893753268758
0.45893532000028214	0.5439787222994427	0.4037701184110516
0.45893532000028214	0.5439787222994427	0.4037701184110516
0.45893532000028214	0.5439787222994427	0.4037701184110516
0.43135271920566687	0.5825609743279067	0.4037701184110516
0.43135271920566687	0.5439787222994427	0.4037701184110516
0.47075643462654587	0.5439787222994427	0.40771048995313947
0.41559123303731527	0.5439787222994427	0.4116508614952274
0.5653253516366554	0.5053964702709787	0.4195316045794032
0.5653253516366554	0.5053964702709787	0.4195316045794032
0.5219812646736885	0.5053964702709787	0.42347197612149107
0.45499494845819427	0.5439787222994427	0.42347197612149107
0.3761875176164363	0.5825609743279067	0.427412347663579
0.44711420537401847	0.5439787222994427	0.43135271920566687
0.44711420537401847	0.5439787222994427	0.43135271920566687
0.44711420537401847	0.5439787222994427	0.43135271920566687
0.3446645452797331	0.5825609743279067	0.4352930907477548
0.3446645452797331	0.5825609743279067	0.4352930907477548
0.3840682607006121	0.5439787222994427	0.4352930907477548
0.46287569154237007	0.5053964702709787	0.4431738338319306
0.47075643462654587	0.5825609743279067	0.44711420537401847
0.47075643462654587	0.5825609743279067	0.44711420537401847
0.3958893753268758	0.5825609743279067	0.44711420537401847
0.49045829233698535	0.5053964702709787	0.45105457691610634
0.3958893753268758	0.5825609743279067	0.45893532000028214
0.3958893753268758	0.5439787222994427	0.45893532000028214
0.3958893753268758	0.5439787222994427	0.45893532000028214
0.3840682607006121	0.5825609743279067	0.45893532000028214
0.47469680616863374	0.5439787222994427	0.46681606308445794
0.3801278891585242	0.5825609743279067	0.4786371777107217
0.3958893753268758	0.5439787222994427	0.48257754925280955
0.4352930907477548	0.5439787222994427	0.49045829233698535
0.427412347663579	0.5439787222994427	0.49045829233698535
0.427412347663579	0.5439787222994427	0.49045829233698535
0.34072417373764524	0.5825609743279067	0.49045829233698535
0.34072417373764524	0.5825609743279067	0.49045829233698535
0.3722471460743484	0.5825609743279067	0.49045829233698535
0.42347197612149107	0.5053964702709787	0.4943986638790732
0.49045829233698535	0.5439787222994427	0.49833903542116115
0.43923346228984267	0.5439787222994427	0.49833903542116115
0.3958893753268758	0.5439787222994427	0.502279406963249
0.3958893753268758	0.5439787222994427	0.502279406963249
0.3880086322427	0.5439787222994427	0.502279406963249
0.5495638654683038	0.5053964702709787	0.5101601500474249
0.3998297468689637	0.5439787222994427	0.5219812646736885
0.5377427508420402	0.5053964702709787	0.5259216362157765
0.5377427508420402	0.5053964702709787	0.5259216362157765
0.5377427508420402	0.5053964702709787	0.5259216362157765
0.40771048995313947	0.5439787222994427	0.5298620077578643
0.15946708280160193	0.7754722344702265	0.5377427508420402
0.45893532000028214	0.5439787222994427	0.5377427508420402
0.45893532000028214	0.5439787222994427	0.5377427508420402
0.15946708280160193	0.7754722344702265	0.5377427508420402
0.502279406963249	0.5439787222994427	0.5495638654683038
0.502279406963249	0.5439787222994427	0.5495638654683038
0.502279406963249	0.5053964702709787	0.5495638654683038
0.49045829233698535	0.5053964702709787	0.5653253516366554
0.1831093120541293	0.6983077304132986	0.581086837805007
0.1831093120541293	0.6983077304132986	0.581086837805007
0.43923346228984267	0.5053964702709787	0.5850272093470948
2.791635272916318	-0.729235594639869	0.6047290670575344
0.8963165611720388	0.8912189905556185	0.7032383556097318
0.8923761896299509	0.9298012425840825	0.7229402133201713
0.8726743319195114	0.9298012425840825	0.7229402133201713
0.8726743319195114	0.9298012425840825	0.7229402133201713
0.927839533508742	0.8912189905556185	0.7268805848622593
0.4037701184110516	0.5053964702709787	0.7426420710306108
0.4037701184110516	0.5053964702709787	0.7426420710306108
0.4037701184110516	1.1612947547548664	0.7426420710306108
0.8963165611720388	0.8912189905556185	0.7426420710306108
0.7938669010777535	0.9298012425840825	0.7544631856568745
0.8293302449565445	0.8912189905556185	0.7584035571989624
0.8293302449565445	0.8912189905556185	0.7584035571989624
0.8726743319195114	0.8912189905556185	0.7584035571989624
0.7544631856568745	0.9298012425840825	0.7781054149094019
0.7662843002831382	0.9298012425840825	0.7781054149094019
0.7544631856568745	0.9298012425840825	0.7781054149094019
0.9514817627612694	0.8912189905556185	0.7938669010777535
0.9514817627612694	0.8912189905556185	0.7938669010777535
0.7465824425726987	0.9298012425840825	0.7938669010777535
0.7465824425726987	0.9298012425840825	0.7938669010777535
0.9633028773875331	0.8526367385271545	0.7938669010777535
0.9633028773875331	0.8526367385271545	0.7938669010777535
0.9711836204717089	0.8526367385271545	0.7938669010777535
0.8175091303302808	0.9298012425840825	0.7978072726198414
0.8175091303302808	0.8912189905556185	0.7978072726198414
0.8175091303302808	0.8912189905556185	0.7978072726198414
0.9041973042562146	0.8912189905556185	0.7978072726198414
0.8175091303302808	0.8912189905556185	0.8017476441619292
0.8175091303302808	0.8912189905556185	0.8017476441619292
0.7899265295356656	0.8912189905556185	0.8017476441619292
0.8844954465457752	0.8912189905556185	0.8017476441619292
0.9238991619666541	0.8526367385271545	0.8096283872461051
0.7268805848622593	0.9683834946125465	0.8175091303302808
0.7268805848622593	0.9298012425840825	0.8175091303302808
0.7268805848622593	0.9683834946125465	0.8175091303302808
0.7978072726198414	0.9298012425840825	0.8175091303302808
0.8253898734144567	0.9298012425840825	0.8175091303302808
0.9869451066400604	0.8526367385271545	0.8214495018723688
0.9948258497242363	0.8526367385271545	0.8214495018723688
0.8293302449565445	0.9298012425840825	0.8214495018723688
0.8293302449565445	0.9298012425840825	0.8214495018723688
0.8017476441619292	0.8912189905556185	0.8214495018723688
0.9711836204717089	0.8912189905556185	0.8253898734144567
0.9436010196770935	0.8526367385271545	0.8253898734144567
0.8726743319195114	0.8526367385271545	0.8253898734144567
0.9436010196770935	0.8526367385271545	0.8253898734144567
0.8411513595828083	0.8526367385271545	0.8253898734144567
0.9436010196770935	0.8526367385271545	0.8253898734144567
0.8844954465457752	0.8526367385271545	0.8293302449565445
0.9317799050508299	0.9298012425840825	0.8411513595828083
0.9357202765929178	0.8912189905556185	0.8411513595828083
0.8372109880407204	0.9298012425840825	0.8411513595828083
0.9317799050508299	0.8912189905556185	0.8411513595828083
0.7978072726198414	0.8912189905556185	0.8411513595828083
0.8411513595828083	0.9298012425840825	0.8411513595828083
0.8411513595828083	0.9298012425840825	0.8411513595828083
0.9041973042562146	0.8912189905556185	0.849032102666984
0.7938669010777535	0.8912189905556185	0.852972474209072
0.7938669010777535	0.8912189905556185	0.852972474209072
0.7938669010777535	0.9298012425840825	0.852972474209072
0.7426420710306108	1.0841302506979384	0.8726743319195114
0.7978072726198414	1.0841302506979384	0.8726743319195114
0.8175091303302808	0.9298012425840825	0.8726743319195114
0.7426420710306108	1.0841302506979384	0.8766147034615993
0.927839533508742	0.8526367385271545	0.8844954465457752
0.927839533508742	0.8526367385271545	0.8844954465457752
0.4037701184110516	1.1612947547548664	0.888435818087863
0.4037701184110516	1.1612947547548664	0.888435818087863
0.7938669010777535	0.8912189905556185	0.8923761896299509
0.7938669010777535	0.8912189905556185	0.8923761896299509
0.7781054149094019	0.9298012425840825	0.8963165611720388
0.7781054149094019	0.9298012425840825	0.8963165611720388
0.8411513595828083	0.9298012425840825	0.8963165611720388
0.9396606481350057	0.9298012425840825	0.9041973042562146
0.9633028773875331	0.8526367385271545	0.9041973042562146
0.9869451066400604	0.8526367385271545	0.9120780473403904
0.852972474209072	0.9298012425840825	0.9120780473403904
0.8411513595828083	0.8912189905556185	0.9160184188824783
0.8726743319195114	0.8912189905556185	0.9160184188824783
0.8411513595828083	0.8912189905556185	0.9160184188824783
0.8411513595828083	0.8912189905556185	0.9160184188824783
0.8726743319195114	0.8912189905556185	0.9160184188824783
-0.7113550279998235	2.3959268196657137	0.9238991619666541
0.9160184188824783	0.8912189905556185	0.9238991619666541
0.9751239920137967	0.8912189905556185	0.927839533508742
0.4352930907477548	1.1612947547548664	0.9317799050508299
0.7584035571989624	0.8912189905556185	0.9396606481350057
0.7584035571989624	0.9683834946125465	0.9396606481350057
0.5850272093470948	1.0841302506979384	0.9436010196770935
0.9317799050508299	0.8912189905556185	0.9514817627612694
0.9317799050508299	0.8912189905556185	0.9514817627612694
0.49833903542116115	1.1612947547548664	0.9554221343033573
0.852972474209072	0.8912189905556185	0.9554221343033573
0.852972474209072	0.8912189905556185	0.9554221343033573
0.9751239920137967	0.8912189905556185	0.9593625058454451
0.7426420710306108	0.9683834946125465	0.9633028773875331
0.8017476441619292	0.9298012425840825	0.9633028773875331
0.7426420710306108	0.9683834946125465	0.9633028773875331
0.8017476441619292	0.9298012425840825	0.9633028773875331
0.7544631856568745	0.9298012425840825	0.9633028773875331
0.49833903542116115	1.1612947547548664	0.9711836204717089
0.8253898734144567	0.8912189905556185	0.9751239920137967
0.8253898734144567	0.8912189905556185	0.9751239920137967
0.8253898734144567	0.8912189905556185	0.9751239920137967
0.8253898734144567	0.8912189905556185	0.9751239920137967
0.8253898734144567	0.8912189905556185	0.9869451066400604
0.9160184188824783	0.8912189905556185	0.9948258497242363
2.894084933010603	-0.729235594639869	1.0224084505188518
0.8214495018723688	0.8912189905556185	1.0578717943976428
1.4046244901013778	1.2384592588117942	1.0657525374818186
1.4046244901013778	1.2384592588117942	1.0657525374818186
1.3928033754751141	1.2384592588117942	1.0775736521080823
0.8214495018723688	0.8912189905556185	1.085454395192258
0.8214495018723688	1.5085350230110421	1.085454395192258
0.8214495018723688	1.5085350230110421	1.085454395192258
1.3021748300070923	1.2384592588117942	1.0972755098185216
1.3021748300070923	1.2384592588117942	1.0972755098185216
1.3021748300070923	1.2384592588117942	1.1012158813606097
1.4046244901013778	1.2384592588117942	1.1366792252394007
1.207605912996983	1.2384592588117942	1.1445599683235765
1.207605912996983	1.2770415108402582	1.160321454491928
1.207605912996983	1.2770415108402582	1.160321454491928
1.2194270276232466	1.2770415108402582	1.160321454491928
1.2194270276232466	1.2770415108402582	1.160321454491928
1.3297574308017077	1.2384592588117942	1.195784798370719
1.2115462845390708	1.2770415108402582	1.199725169912807
1.4046244901013778	1.2770415108402582	1.203665541454895
1.3573400315963229	1.2384592588117942	1.207605912996983
1.3573400315963229	1.2384592588117942	1.207605912996983
1.2627711145862135	1.2770415108402582	1.2115462845390708
1.2627711145862135	1.2770415108402582	1.2115462845390708
1.278532600754565	1.2770415108402582	1.2115462845390708
1.2509499999599498	1.2770415108402582	1.2154866560811586
1.2115462845390708	1.2770415108402582	1.2154866560811586
1.2548903715020376	1.2770415108402582	1.2154866560811586
1.243069256875774	1.2770415108402582	1.2154866560811586
1.243069256875774	1.2770415108402582	1.2154866560811586
1.1445599683235765	1.2770415108402582	1.2273077707074223
1.3100555730912682	1.2770415108402582	1.2312481422495103
1.3100555730912682	1.2770415108402582	1.2312481422495103
1.3100555730912682	1.2770415108402582	1.2312481422495103
0.8411513595828083	1.5085350230110421	1.235188513791598
0.8411513595828083	1.5085350230110421	1.235188513791598
1.3731015177646746	1.2384592588117942	1.235188513791598
1.2509499999599498	1.2770415108402582	1.239128885333686
1.2509499999599498	1.2770415108402582	1.239128885333686
1.2745922292124772	1.2770415108402582	1.243069256875774
1.2745922292124772	1.2770415108402582	1.243069256875774
1.2745922292124772	1.2770415108402582	1.243069256875774
1.235188513791598	1.3542060148971862	1.2509499999599498
1.235188513791598	1.3542060148971862	1.2509499999599498
1.235188513791598	1.3542060148971862	1.2509499999599498
1.0775736521080823	1.3542060148971862	1.2509499999599498
1.0775736521080823	1.3542060148971862	1.2509499999599498
1.0775736521080823	1.3542060148971862	1.2509499999599498
1.2942940869229167	1.3542060148971862	1.2548903715020376
1.278532600754565	1.2770415108402582	1.2548903715020376
1.085454395192258	1.4699527709825781	1.2588307430441255
0.9120780473403904	1.5085350230110421	1.2627711145862135
0.9120780473403904	1.5085350230110421	1.2627711145862135
0.9554221343033573	1.5085350230110421	1.2627711145862135
0.9554221343033573	1.5085350230110421	1.2627711145862135
1.3021748300070923	1.2770415108402582	1.2667114861283013
1.085454395192258	1.4699527709825781	1.2745922292124772
1.1839636837444554	1.3542060148971862	1.2745922292124772
0.9554221343033573	1.4699527709825781	1.278532600754565
1.2509499999599498	1.3156237628687222	1.278532600754565
1.2509499999599498	1.3156237628687222	1.278532600754565
1.3336978023437955	1.2770415108402582	1.278532600754565
1.2154866560811586	1.2770415108402582	1.2824729722966528
1.199725169912807	1.2770415108402582	1.2824729722966528
1.2864133438387408	1.2770415108402582	1.3021748300070923
1.3100555730912682	1.2770415108402582	1.3021748300070923
1.3021748300070923	1.2770415108402582	1.3021748300070923
1.160321454491928	1.3542060148971862	1.3100555730912682
1.1090966244447853	1.3542060148971862	1.3100555730912682
1.160321454491928	1.3156237628687222	1.3100555730912682
1.1090966244447853	1.3542060148971862	1.3100555730912682
1.160321454491928	1.3542060148971862	1.3100555730912682
1.160321454491928	1.3156237628687222	1.3100555730912682
1.2864133438387408	1.3156237628687222	1.317936316175444
1.2864133438387408	1.3156237628687222	1.317936316175444
1.2312481422495103	1.2770415108402582	1.3297574308017077
1.278532600754565	1.2770415108402582	1.3494592885121472
1.278532600754565	1.2770415108402582	1.3494592885121472
1.2154866560811586	1.2770415108402582	1.353399660054235
1.3100555730912682	1.2770415108402582	1.353399660054235
1.1366792252394007	1.3156237628687222	1.353399660054235
1.2627711145862135	1.2770415108402582	1.3573400315963229
1.235188513791598	1.2770415108402582	1.3691611462225866
1.2154866560811586	1.2770415108402582	1.3731015177646746
1.2312481422495103	1.2770415108402582	1.3809822608488505
1.239128885333686	1.3156237628687222	1.3928033754751141
1.7947212727680797	1.6242817790964341	1.4913126640273116
1.7671386719734643	1.6628640311248981	1.507074150195663
1.7671386719734643	1.6628640311248981	1.507074150195663
1.6174045533741241	1.6628640311248981	1.5267760079061026
1.6174045533741241	1.6628640311248981	1.5267760079061026
1.6174045533741241	1.6628640311248981	1.5267760079061026
1.0972755098185216	1.3156237628687222	1.5385971225323662
1.6371064110845637	1.5856995270679701	1.542537494074454
1.6765101265054427	1.6242817790964341	1.55041823715863
1.708033098842146	1.6242817790964341	1.55041823715863
1.7671386719734643	1.5856995270679701	1.554358608700718
1.660748640337091	1.5856995270679701	1.554358608700718
1.7553175573472006	1.6242817790964341	1.5582989802428058
1.7119734703842338	1.5856995270679701	1.5582989802428058
1.7119734703842338	1.5856995270679701	1.5582989802428058
1.5937623241215968	1.6242817790964341	1.5622393517848936
1.5661797233269816	1.6242817790964341	1.5622393517848936
1.5661797233269816	1.6242817790964341	1.5622393517848936
1.5937623241215968	1.6628640311248981	1.5622393517848936
1.5937623241215968	1.6242817790964341	1.5622393517848936
1.5937623241215968	1.6242817790964341	1.5622393517848936
1.5819412094953331	1.6628640311248981	1.5622393517848936
1.6055834387478605	1.6628640311248981	1.5622393517848936
1.7237945850104974	1.6242817790964341	1.5661797233269816
1.7947212727680797	1.6242817790964341	1.5661797233269816
1.6174045533741241	1.6242817790964341	1.5661797233269816
1.5582989802428058	1.6628640311248981	1.5701200948690694
1.5582989802428058	1.6628640311248981	1.5701200948690694
1.7316753280946733	1.6242817790964341	1.5701200948690694
1.7316753280946733	1.6242817790964341	1.5701200948690694
1.7474368142630248	1.6242817790964341	1.5740604664111573
1.7474368142630248	1.6242817790964341	1.5740604664111573
1.6174045533741241	1.6628640311248981	1.5819412094953331
1.6174045533741241	1.6628640311248981	1.5819412094953331
1.814423130478519	1.5856995270679701	1.585881581037421
1.6252852964583	1.6628640311248981	1.585881581037421
1.6252852964583	1.6628640311248981	1.585881581037421
1.660748640337091	1.6628640311248981	1.589821952579509
1.660748640337091	1.6628640311248981	1.589821952579509
1.6489275257108273	1.6242817790964341	1.5937623241215968
1.6489275257108273	1.6242817790964341	1.5937623241215968
1.1760829406602797	1.97152204735261	1.5977026956636848
1.1760829406602797	1.97152204735261	1.5977026956636848
1.5819412094953331	1.6628640311248981	1.5977026956636848
1.9917398498724745	1.4699527709825781	1.6016430672057727
1.9917398498724745	1.4699527709825781	1.6016430672057727
1.6568082687950032	1.6242817790964341	1.6016430672057727
1.8341249881889585	1.5856995270679701	1.6016430672057727
1.5661797233269816	1.6242817790964341	1.6016430672057727
1.6213449249162122	1.6242817790964341	1.6055834387478605
1.5346567509902784	1.6628640311248981	1.6055834387478605
1.5346567509902784	1.6628640311248981	1.6055834387478605
1.589821952579509	1.6628640311248981	1.6095238102899485
1.5977026956636848	1.6628640311248981	1.6095238102899485
1.5661797233269816	1.6628640311248981	1.6134641818320363
1.7710790435155521	1.5856995270679701	1.6174045533741241
1.5740604664111573	1.6628640311248981	1.6174045533741241
1.7710790435155521	1.5856995270679701	1.6174045533741241
1.5740604664111573	1.6628640311248981	1.6174045533741241
1.6883312411317064	1.6242817790964341	1.6213449249162122
1.8459461028152222	1.5085350230110421	1.6252852964583
1.8459461028152222	1.5085350230110421	1.6252852964583
1.8341249881889585	1.5085350230110421	1.6252852964583
1.5622393517848936	1.6628640311248981	1.6252852964583
1.5622393517848936	1.6628640311248981	1.6252852964583
1.5622393517848936	1.6628640311248981	1.6252852964583
1.5622393517848936	1.6628640311248981	1.6252852964583
1.5622393517848936	1.6628640311248981	1.6252852964583
1.6252852964583	1.6628640311248981	1.6252852964583
1.814423130478519	1.5856995270679701	1.6292256680003878
1.704092727300058	1.5856995270679701	1.6292256680003878
1.704092727300058	1.5856995270679701	1.6292256680003878
1.9759783637041228	1.5085350230110421	1.6331660395424759
2.003560964498738	1.5085350230110421	1.6331660395424759
2.003560964498738	1.5085350230110421	1.6331660395424759
1.6568082687950032	1.5856995270679701	1.6331660395424759
1.6371064110845637	1.6242817790964341	1.6331660395424759
1.6371064110845637	1.6242817790964341	1.6331660395424759
1.5819412094953331	1.6628640311248981	1.6331660395424759
1.5819412094953331	1.6628640311248981	1.6331660395424759
1.7474368142630248	1.6242817790964341	1.6331660395424759
1.6843908695896186	1.6242817790964341	1.6331660395424759
1.6252852964583	1.6628640311248981	1.6371064110845637
1.5701200948690694	1.6628640311248981	1.6371064110845637
1.5701200948690694	1.6628640311248981	1.6371064110845637
1.8459461028152222	1.5085350230110421	1.6410467826266517
1.6055834387478605	1.6628640311248981	1.6410467826266517
1.7474368142630248	1.6242817790964341	1.6489275257108273
1.7159138419263216	1.6242817790964341	1.6489275257108273
1.507074150195663	1.6242817790964341	1.6528678972529154
1.554358608700718	1.6242817790964341	1.6528678972529154
1.554358608700718	1.6242817790964341	1.6528678972529154
1.554358608700718	1.701446283153362	1.6528678972529154
1.6252852964583	1.6628640311248981	1.6568082687950032
1.6016430672057727	1.6628640311248981	1.6568082687950032
1.6883312411317064	1.6628640311248981	1.6568082687950032
1.6883312411317064	1.6628640311248981	1.6568082687950032
1.7750194150576402	1.5856995270679701	1.660748640337091
1.7750194150576402	1.5856995270679701	1.660748640337091
1.7277349565525855	1.6242817790964341	1.660748640337091
1.7474368142630248	1.6242817790964341	1.664689011879179
1.7474368142630248	1.6242817790964341	1.664689011879179
1.6883312411317064	1.6242817790964341	1.6686293834212669
1.660748640337091	1.6242817790964341	1.6686293834212669
1.660748640337091	1.6242817790964341	1.6686293834212669
1.6528678972529154	1.6628640311248981	1.6765101265054427
1.5228356363640148	1.701446283153362	1.6765101265054427
-0.4670519923903738	2.35734456763725	1.6804504980475305
1.660748640337091	1.6242817790964341	1.6804504980475305
1.471610806316872	1.6628640311248981	1.6843908695896186
1.6331660395424759	1.701446283153362	1.6883312411317064
1.6331660395424759	1.6628640311248981	1.6883312411317064
1.6292256680003878	1.6628640311248981	1.70015235575797
1.6292256680003878	1.6628640311248981	1.70015235575797
1.7277349565525855	1.6242817790964341	1.70015235575797
1.660748640337091	1.6628640311248981	1.708033098842146
1.7474368142630248	1.6242817790964341	1.708033098842146
1.7474368142630248	1.6242817790964341	1.708033098842146
1.6804504980475305	1.6628640311248981	1.708033098842146
1.5582989802428058	1.6628640311248981	1.7159138419263216
1.5582989802428058	1.6628640311248981	1.7159138419263216
1.585881581037421	1.6628640311248981	1.7159138419263216
1.735615699636761	1.5856995270679701	1.7159138419263216
1.7553175573472006	1.5856995270679701	1.7159138419263216
1.7986616443101675	1.6242817790964341	1.7159138419263216
1.7553175573472006	1.5856995270679701	1.7159138419263216
1.7986616443101675	1.6242817790964341	1.7159138419263216
1.6016430672057727	1.6628640311248981	1.7237945850104974
1.6016430672057727	1.6628640311248981	1.7237945850104974
1.7553175573472006	1.701446283153362	1.7277349565525855
1.7553175573472006	1.701446283153362	1.7277349565525855
1.7553175573472006	1.701446283153362	1.7277349565525855
1.6331660395424759	1.6242817790964341	1.7277349565525855
1.6489275257108273	1.6628640311248981	1.7316753280946733
1.353399660054235	1.932939795324146	1.735615699636761
1.353399660054235	1.932939795324146	1.735615699636761
1.396743747017202	1.77861078721029	1.735615699636761
1.396743747017202	1.77861078721029	1.735615699636761
1.5977026956636848	1.77861078721029	1.743496442720937
1.743496442720937	1.6242817790964341	1.7474368142630248
1.735615699636761	1.5856995270679701	1.7474368142630248
1.743496442720937	1.6242817790964341	1.7474368142630248
1.818363502020607	1.6242817790964341	1.7474368142630248
1.818363502020607	1.6242817790964341	1.7474368142630248
1.7277349565525855	1.6242817790964341	1.7474368142630248
1.8774690751519254	1.6242817790964341	1.7474368142630248
1.6449871541687395	1.6628640311248981	1.7553175573472006
1.6765101265054427	1.6628640311248981	1.7553175573472006
1.160321454491928	1.97152204735261	1.7553175573472006
1.2548903715020376	1.932939795324146	1.7553175573472006
1.5740604664111573	1.6628640311248981	1.7592579288892884
1.7159138419263216	1.6242817790964341	1.7631983004313765
1.7159138419263216	1.6242817790964341	1.7631983004313765
1.7159138419263216	1.6242817790964341	1.7631983004313765
1.6331660395424759	1.5856995270679701	1.7671386719734643
1.6331660395424759	1.6628640311248981	1.7671386719734643
1.5385971225323662	1.6628640311248981	1.7671386719734643
1.6568082687950032	1.6628640311248981	1.7710790435155521
1.6292256680003878	1.701446283153362	1.7750194150576402
1.6016430672057727	1.5856995270679701	1.782900158141816
1.6331660395424759	1.5856995270679701	1.782900158141816
1.6331660395424759	1.5856995270679701	1.782900158141816
2.0666069091721444	1.5085350230110421	1.7907809012259917
1.6449871541687395	1.6628640311248981	1.7947212727680797
1.7592579288892884	1.6628640311248981	1.8026020158522553
1.7592579288892884	1.6242817790964341	1.8026020158522553
1.7592579288892884	1.6242817790964341	1.8026020158522553
2.1729969408085177	1.5085350230110421	1.814423130478519
2.1729969408085177	1.5085350230110421	1.814423130478519
2.1414739684718147	1.4699527709825781	1.814423130478519
2.1414739684718147	1.4699527709825781	1.814423130478519
1.8577672174414859	1.5471172750395061	1.814423130478519
1.8695883320677498	2.087268803438002	1.814423130478519
1.8695883320677498	2.087268803438002	1.814423130478519
1.8695883320677498	2.087268803438002	1.814423130478519
1.5977026956636848	1.77861078721029	1.818363502020607
1.6174045533741241	1.701446283153362	1.818363502020607
1.554358608700718	1.6628640311248981	1.8223038735626949
1.589821952579509	1.6628640311248981	1.8223038735626949
1.589821952579509	1.6628640311248981	1.8223038735626949
1.8774690751519254	1.5471172750395061	1.826244245104783
1.8774690751519254	1.5471172750395061	1.826244245104783
2.1572354546401664	1.5085350230110421	1.8341249881889585
2.0666069091721444	1.6242817790964341	1.8459461028152222
2.0666069091721444	1.6242817790964341	1.8459461028152222
1.5622393517848936	2.280180063580322	1.8656479605256617
2.0744876522563205	2.010104299381074	1.8695883320677498
1.6765101265054427	1.701446283153362	1.8695883320677498
1.6765101265054427	1.6628640311248981	1.8695883320677498
1.5267760079061026	1.6628640311248981	1.8774690751519254
1.5267760079061026	1.701446283153362	1.8774690751519254
1.6410467826266517	2.280180063580322	1.8932305613202771
2.0311435652933536	2.010104299381074	1.8932305613202771
2.0311435652933536	2.010104299381074	1.8932305613202771
2.011441707582914	2.010104299381074	1.9050516759465408
1.9877994783303865	2.048686551409538	1.9247535336569803
1.9877994783303865	2.010104299381074	1.9247535336569803
1.9877994783303865	2.010104299381074	1.9247535336569803
2.283327343986979	1.932939795324146	1.9247535336569803
2.2596851147344514	1.97152204735261	1.9247535336569803
2.283327343986979	1.932939795324146	1.9247535336569803
1.9917398498724745	2.010104299381074	1.9286939051990681
1.9917398498724745	2.010104299381074	1.9286939051990681
1.9917398498724745	2.010104299381074	1.9286939051990681
1.9996205929566504	2.010104299381074	1.9286939051990681
1.9680976206199472	2.048686551409538	1.9286939051990681
1.9680976206199472	2.048686551409538	1.9286939051990681
2.0193224506670897	2.048686551409538	1.932634276741156
2.0193224506670897	2.048686551409538	1.932634276741156
2.0193224506670897	2.048686551409538	1.932634276741156
1.9838591067882987	2.048686551409538	1.936574648283244
1.9838591067882987	2.048686551409538	1.936574648283244
1.972037992162035	2.048686551409538	1.9405150198253318
1.8026020158522553	2.087268803438002	1.9405150198253318
1.6410467826266517	2.280180063580322	1.9483957629095077
1.6213449249162122	2.203015559523394	1.9483957629095077
2.011441707582914	2.048686551409538	1.9523361344515955
1.972037992162035	2.048686551409538	1.9562765059936835
2.165116197724342	1.97152204735261	1.9562765059936835
2.165116197724342	1.97152204735261	1.9562765059936835
1.9917398498724745	2.010104299381074	1.9602168775357713
2.0626665376300566	2.010104299381074	1.9641572490778592
2.1178317392192874	1.97152204735261	1.9641572490778592
2.0902491384246717	1.97152204735261	1.9641572490778592
1.932634276741156	2.048686551409538	1.9641572490778592
1.9680976206199472	2.048686551409538	1.9641572490778592
1.932634276741156	2.048686551409538	1.9641572490778592
1.9996205929566504	2.048686551409538	1.9641572490778592
1.936574648283244	2.048686551409538	1.9641572490778592
1.936574648283244	2.048686551409538	1.9641572490778592
2.027203193751266	2.010104299381074	1.9680976206199472
2.0193224506670897	2.125851055466466	1.9680976206199472
2.0193224506670897	2.125851055466466	1.9680976206199472
2.011441707582914	2.048686551409538	1.9680976206199472
1.9523361344515955	2.048686551409538	1.9680976206199472
1.9523361344515955	2.048686551409538	1.9680976206199472
2.046905051461705	2.010104299381074	1.972037992162035
2.1020702530509356	1.97152204735261	1.972037992162035
2.0232628222091775	2.048686551409538	1.972037992162035
2.0232628222091775	2.048686551409538	1.972037992162035
2.0232628222091775	2.048686551409538	1.972037992162035
2.0232628222091775	2.048686551409538	1.972037992162035
2.1099509961351113	1.97152204735261	1.9759783637041228
2.1454143400139025	1.932939795324146	1.9759783637041228
2.165116197724342	1.932939795324146	1.9759783637041228
-0.25033155757553943	2.35734456763725	1.9838591067882987
1.972037992162035	2.048686551409538	1.9838591067882987
1.9483957629095077	2.048686551409538	1.9838591067882987
1.9562765059936835	2.048686551409538	1.9838591067882987
1.9483957629095077	2.048686551409538	1.9838591067882987
2.027203193751266	2.010104299381074	1.9838591067882987
1.9877994783303865	2.010104299381074	1.9838591067882987
2.027203193751266	2.010104299381074	1.9838591067882987
2.046905051461705	2.010104299381074	1.9877994783303865
1.9168727905728045	2.048686551409538	1.9877994783303865
1.9168727905728045	2.048686551409538	1.9877994783303865
2.0587261660879688	2.010104299381074	1.9877994783303865
2.0075013360408263	2.048686551409538	1.9877994783303865
2.0587261660879688	2.010104299381074	1.9877994783303865
2.0075013360408263	2.010104299381074	1.9877994783303865
2.153295083098078	2.048686551409538	1.9877994783303865
1.6804504980475305	2.125851055466466	1.9917398498724745
1.8420057312731344	1.6242817790964341	1.9917398498724745
1.8420057312731344	1.6242817790964341	1.9917398498724745
1.814423130478519	2.16443330749493	1.9917398498724745
1.8420057312731344	2.125851055466466	1.9917398498724745
1.8420057312731344	2.125851055466466	1.9917398498724745
1.814423130478519	2.16443330749493	1.9917398498724745
1.8420057312731344	2.125851055466466	1.9917398498724745
2.0744876522563205	2.048686551409538	1.9956802214145624
2.1020702530509356	2.010104299381074	1.9996205929566504
1.9483957629095077	2.048686551409538	1.9996205929566504
2.165116197724342	1.97152204735261	1.9996205929566504
2.153295083098078	2.048686551409538	1.9996205929566504
2.1020702530509356	2.010104299381074	1.9996205929566504
1.972037992162035	2.048686551409538	2.0075013360408263
1.9286939051990681	2.048686551409538	2.0075013360408263
1.972037992162035	2.048686551409538	2.0075013360408263
1.9286939051990681	2.048686551409538	2.0075013360408263
1.972037992162035	2.048686551409538	2.0075013360408263
1.972037992162035	2.048686551409538	2.0075013360408263
2.165116197724342	1.97152204735261	2.0075013360408263
1.8223038735626949	2.16443330749493	2.011441707582914
2.0075013360408263	2.010104299381074	2.011441707582914
2.0075013360408263	2.010104299381074	2.011441707582914
2.09418950996676	2.010104299381074	2.011441707582914
1.9877994783303865	2.048686551409538	2.011441707582914
1.9996205929566504	1.97152204735261	2.015382079125002
2.086308766882584	2.010104299381074	2.0193224506670897
2.086308766882584	2.010104299381074	2.0193224506670897
2.086308766882584	2.010104299381074	2.0193224506670897
1.8026020158522553	2.125851055466466	2.0193224506670897
1.8026020158522553	2.125851055466466	2.0193224506670897
1.8026020158522553	2.125851055466466	2.0193224506670897
2.0075013360408263	2.048686551409538	2.0193224506670897
2.1138913676771995	1.97152204735261	2.0193224506670897
2.1138913676771995	1.97152204735261	2.0193224506670897
2.1138913676771995	1.97152204735261	2.0193224506670897
1.7474368142630248	2.125851055466466	2.0232628222091775
1.826244245104783	2.16443330749493	2.0232628222091775
1.826244245104783	2.16443330749493	2.0232628222091775
1.826244245104783	2.16443330749493	2.0232628222091775
1.826244245104783	2.16443330749493	2.0232628222091775
2.0705472807142327	2.010104299381074	2.027203193751266
2.0705472807142327	2.010104299381074	2.027203193751266
1.9838591067882987	2.048686551409538	2.027203193751266
1.9641572490778592	2.048686551409538	2.027203193751266
1.9641572490778592	2.048686551409538	2.027203193751266
1.9641572490778592	2.048686551409538	2.027203193751266
1.9996205929566504	2.048686551409538	2.027203193751266
2.1138913676771995	1.97152204735261	2.027203193751266
1.7159138419263216	2.203015559523394	2.0311435652933536
1.7159138419263216	2.203015559523394	2.0311435652933536
1.735615699636761	2.203015559523394	2.0311435652933536
1.9759783637041228	2.048686551409538	2.0311435652933536
1.9877994783303865	2.048686551409538	2.0311435652933536
2.1414739684718147	1.97152204735261	2.0311435652933536
2.050845423003793	1.97152204735261	2.0390243083775292
2.050845423003793	1.97152204735261	2.0390243083775292
1.9759783637041228	2.010104299381074	2.0390243083775292
2.153295083098078	1.97152204735261	2.042964679919617
2.153295083098078	1.97152204735261	2.042964679919617
2.1020702530509356	2.010104299381074	2.050845423003793
2.0626665376300566	1.97152204735261	2.050845423003793
2.0626665376300566	1.97152204735261	2.050845423003793
2.0626665376300566	1.97152204735261	2.050845423003793
2.153295083098078	2.048686551409538	2.0587261660879688
2.121772110761375	1.97152204735261	2.0587261660879688
2.239983257024012	1.97152204735261	2.0587261660879688
2.239983257024012	1.97152204735261	2.0587261660879688
1.9838591067882987	2.048686551409538	2.0587261660879688
1.9838591067882987	2.048686551409538	2.0587261660879688
2.1099509961351113	1.97152204735261	2.0626665376300566
2.1099509961351113	1.97152204735261	2.0626665376300566
2.1178317392192874	1.97152204735261	2.0626665376300566
0.12794411046489876	2.2415978115518578	2.0666069091721444
0.12794411046489876	2.2415978115518578	2.0666069091721444
2.098129881508848	1.97152204735261	2.0666069091721444
2.1060106245930235	1.97152204735261	2.0666069091721444
2.0666069091721444	2.048686551409538	2.0666069091721444
2.121772110761375	2.010104299381074	2.0666069091721444
2.0902491384246717	2.010104299381074	2.0744876522563205
1.778959786599728	2.16443330749493	2.0784280237984083
1.9759783637041228	2.048686551409538	2.0784280237984083
1.9759783637041228	2.048686551409538	2.0784280237984083
2.1099509961351113	2.010104299381074	2.082368395340496
2.09418950996676	1.97152204735261	2.086308766882584
2.09418950996676	1.97152204735261	2.086308766882584
2.0311435652933536	2.048686551409538	2.0902491384246717
2.0311435652933536	2.048686551409538	2.0902491384246717
2.0311435652933536	2.010104299381074	2.0902491384246717
1.8932305613202771	2.125851055466466	2.09418950996676
2.0666069091721444	2.048686551409538	2.09418950996676
2.0666069091721444	2.048686551409538	2.09418950996676
2.0666069091721444	2.048686551409538	2.09418950996676
1.8223038735626949	2.16443330749493	2.1020702530509356
1.8656479605256617	2.125851055466466	2.1020702530509356
1.8656479605256617	2.125851055466466	2.1020702530509356
2.208460284687309	1.97152204735261	2.1020702530509356
1.9247535336569803	1.97152204735261	2.1020702530509356
2.0587261660879688	2.010104299381074	2.1060106245930235
1.9641572490778592	2.048686551409538	2.1060106245930235
1.9641572490778592	2.048686551409538	2.1060106245930235
2.0311435652933536	2.048686551409538	2.1099509961351113
2.0311435652933536	2.048686551409538	2.1099509961351113
2.208460284687309	1.97152204735261	2.1099509961351113
1.9050516759465408	2.048686551409538	2.1099509961351113
1.9050516759465408	2.048686551409538	2.1099509961351113
1.9050516759465408	2.048686551409538	2.1099509961351113
1.9050516759465408	2.048686551409538	2.1099509961351113
2.0390243083775292	2.010104299381074	2.1138913676771995
2.011441707582914	2.010104299381074	2.1178317392192874
2.0587261660879688	2.010104299381074	2.1178317392192874
1.9877994783303865	2.087268803438002	2.121772110761375
1.9877994783303865	2.048686551409538	2.121772110761375
1.507074150195663	2.125851055466466	2.1335932253876386
2.09418950996676	2.010104299381074	2.1335932253876386
2.09418950996676	2.010104299381074	2.1335932253876386
1.9286939051990681	2.048686551409538	2.1414739684718147
1.9799187352462109	2.010104299381074	2.1454143400139025
1.9799187352462109	2.010104299381074	2.1454143400139025
2.0311435652933536	2.048686551409538	2.153295083098078
1.8932305613202771	2.087268803438002	2.153295083098078
2.0587261660879688	1.97152204735261	2.153295083098078
2.011441707582914	2.048686551409538	2.1611758261822542
2.027203193751266	2.010104299381074	2.165116197724342
1.9680976206199472	2.048686551409538	2.165116197724342
2.0390243083775292	1.97152204735261	2.16905656926643
0.9238991619666541	2.2415978115518578	2.1729969408085177
0.9238991619666541	2.125851055466466	2.1729969408085177
1.9641572490778592	2.010104299381074	2.204519913145221
2.3542540317445613	2.434509071694178	2.2163410277714846
2.3542540317445613	2.434509071694178	2.2163410277714846
1.9247535336569803	2.010104299381074	2.2202813993135724
1.9247535336569803	2.666002583864962	2.2202813993135724
2.429121091044231	2.3959268196657137	2.251804371650276
2.0193224506670897	2.048686551409538	2.2557447431923636
1.9996205929566504	2.048686551409538	2.2557447431923636
1.9996205929566504	2.048686551409538	2.2557447431923636
2.0193224506670897	2.048686551409538	2.2557447431923636
1.9956802214145624	2.010104299381074	2.2596851147344514
2.7640526721217022	2.35734456763725	2.275446600902803
2.7561719290375266	2.35734456763725	2.275446600902803
1.9956802214145624	2.010104299381074	2.279386972444891
2.4527633202967585	2.35734456763725	2.279386972444891
2.5039881503439014	2.35734456763725	2.283327343986979
2.5039881503439014	2.35734456763725	2.283327343986979
1.9838591067882987	2.048686551409538	2.283327343986979
2.54339186576478	2.35734456763725	2.287267715529067
2.54339186576478	2.35734456763725	2.287267715529067
2.54339186576478	2.35734456763725	2.287267715529067
2.5236900080543405	2.434509071694178	2.2990888301553305
2.4212403479600555	2.3959268196657137	2.2990888301553305
2.429121091044231	2.3959268196657137	2.2990888301553305
2.500047778801813	2.3959268196657137	2.2990888301553305
2.4172999764179677	2.3959268196657137	2.2990888301553305
2.4567036918388463	2.434509071694178	2.3030292016974183
2.5788552096435713	2.3187623156087858	2.3109099447815944
2.669483755111593	2.3187623156087858	2.3109099447815944
2.7561719290375266	2.3187623156087858	2.3109099447815944
2.0193224506670897	2.588838079808034	2.314850316323682
2.39365774716544	2.3959268196657137	2.322731059407858
2.1020702530509356	2.588838079808034	2.322731059407858
2.1099509961351113	2.588838079808034	2.322731059407858
2.3818366325391764	2.434509071694178	2.3266714309499457
2.3818366325391764	2.434509071694178	2.3266714309499457
2.3818366325391764	2.434509071694178	2.3266714309499457
2.4567036918388463	2.3959268196657137	2.330611802492034
2.515809264970165	2.434509071694178	2.3345521740341217
2.5315707511385166	2.434509071694178	2.3345521740341217
2.4172999764179677	2.35734456763725	2.3384925455762096
2.5039881503439014	2.35734456763725	2.3384925455762096
2.46852480646511	2.3959268196657137	2.3384925455762096
2.4527633202967585	2.35734456763725	2.346373288660385
2.4527633202967585	2.3959268196657137	2.346373288660385
2.440942205670495	2.3959268196657137	2.350313660202473
2.440942205670495	2.3959268196657137	2.350313660202473
2.440942205670495	2.3959268196657137	2.350313660202473
2.5749148381014835	2.3959268196657137	2.3542540317445613
2.484286292633462	2.35734456763725	2.3542540317445613
2.5394514942226922	2.35734456763725	2.362134774828737
2.4606440633809346	2.434509071694178	2.3660751463708247
2.405478861791704	2.434509071694178	2.3660751463708247
2.4251807195021433	2.35734456763725	2.3700155179129125
2.346373288660385	2.434509071694178	2.3700155179129125
2.346373288660385	2.434509071694178	2.3700155179129125
2.346373288660385	2.434509071694178	2.3700155179129125
2.3384925455762096	2.434509071694178	2.3778962609970886
2.4212403479600555	2.3959268196657137	2.3778962609970886
2.401538490249616	2.3959268196657137	2.3778962609970886
2.1099509961351113	2.5502558277795697	2.3818366325391764
2.4172999764179677	2.3959268196657137	2.389717375623352
2.4172999764179677	2.434509071694178	2.389717375623352
2.3266714309499457	2.3959268196657137	2.39365774716544
2.405478861791704	2.3959268196657137	2.39365774716544
2.405478861791704	2.434509071694178	2.39365774716544
2.4882266641755497	2.3959268196657137	2.39365774716544
2.405478861791704	2.434509071694178	2.39365774716544
2.4882266641755497	2.3959268196657137	2.39365774716544
2.6103781819802743	2.35734456763725	2.397598118707528
2.6182589250644503	2.35734456763725	2.397598118707528
2.6103781819802743	2.35734456763725	2.397598118707528
2.484286292633462	2.3959268196657137	2.397598118707528
2.484286292633462	2.3959268196657137	2.397598118707528
2.484286292633462	2.3959268196657137	2.397598118707528
2.500047778801813	2.3959268196657137	2.401538490249616
2.5630937234752196	2.35734456763725	2.405478861791704
2.6103781819802743	2.35734456763725	2.405478861791704
2.5630937234752196	2.35734456763725	2.405478861791704
2.4803459210913736	2.35734456763725	2.405478861791704
2.350313660202473	2.3959268196657137	2.405478861791704
2.476405549549286	2.3959268196657137	2.4133596048758794
2.476405549549286	2.3959268196657137	2.4133596048758794
2.476405549549286	2.35734456763725	2.4133596048758794
2.5355111226806044	2.3959268196657137	2.4133596048758794
2.511868893428077	2.3959268196657137	2.4133596048758794
2.7128278420745597	2.35734456763725	2.4172999764179677
2.7128278420745597	2.35734456763725	2.4172999764179677
2.4567036918388463	2.3959268196657137	2.4172999764179677
2.515809264970165	2.3959268196657137	2.4212403479600555
2.4527633202967585	2.3959268196657137	2.4212403479600555
2.5630937234752196	2.434509071694178	2.4251807195021433
2.5630937234752196	2.434509071694178	2.4251807195021433
2.4251807195021433	2.35734456763725	2.4251807195021433
2.5394514942226922	2.434509071694178	2.4251807195021433
2.405478861791704	2.35734456763725	2.4251807195021433
2.4606440633809346	2.3959268196657137	2.4251807195021433
2.4645844349230224	2.3959268196657137	2.429121091044231
2.4645844349230224	2.3959268196657137	2.429121091044231
2.4645844349230224	2.3959268196657137	2.433061462586319
2.405478861791704	2.434509071694178	2.4370018341284068
2.4645844349230224	2.3959268196657137	2.440942205670495
2.4645844349230224	2.3959268196657137	2.440942205670495
2.3660751463708247	2.434509071694178	2.440942205670495
2.5236900080543405	2.35734456763725	2.4527633202967585
2.4882266641755497	2.3959268196657137	2.4527633202967585
2.3030292016974183	2.434509071694178	2.4527633202967585
2.362134774828737	2.434509071694178	2.4567036918388463
2.362134774828737	2.434509071694178	2.4567036918388463
2.3818366325391764	2.434509071694178	2.4567036918388463
2.3818366325391764	2.434509071694178	2.4567036918388463
2.306969573239506	2.434509071694178	2.4567036918388463
2.4567036918388463	2.434509071694178	2.4567036918388463
2.3266714309499457	2.434509071694178	2.4567036918388463
2.4567036918388463	2.434509071694178	2.4567036918388463
2.3266714309499457	2.4730913237226417	2.4567036918388463
2.4094192333337916	2.434509071694178	2.4567036918388463
2.433061462586319	2.3959268196657137	2.4567036918388463
2.5630937234752196	2.35734456763725	2.4606440633809346
2.4370018341284068	2.3959268196657137	2.4606440633809346
2.54339186576478	2.3959268196657137	2.4606440633809346
2.444882577212583	2.3959268196657137	2.4645844349230224
2.444882577212583	2.3959268196657137	2.4645844349230224
2.2557447431923636	2.5502558277795697	2.4645844349230224
2.5079285218859892	2.434509071694178	2.4645844349230224
2.3424329171182974	2.4730913237226417	2.4645844349230224
2.5670340950173074	2.3959268196657137	2.4645844349230224
2.5670340950173074	2.3959268196657137	2.4645844349230224
2.4567036918388463	2.35734456763725	2.46852480646511
2.4567036918388463	2.35734456763725	2.46852480646511
2.4803459210913736	2.3959268196657137	2.46852480646511
2.4567036918388463	2.3959268196657137	2.46852480646511
2.4567036918388463	2.3959268196657137	2.46852480646511
2.3818366325391764	2.3959268196657137	2.46852480646511
2.3345521740341217	2.434509071694178	2.46852480646511
2.3700155179129125	2.434509071694178	2.46852480646511
2.3700155179129125	2.434509071694178	2.46852480646511
2.362134774828737	2.434509071694178	2.476405549549286
2.362134774828737	2.434509071694178	2.476405549549286
2.39365774716544	2.434509071694178	2.4803459210913736
2.3818366325391764	2.4730913237226417	2.4803459210913736
2.322731059407858	2.4730913237226417	2.4803459210913736
2.3700155179129125	2.434509071694178	2.484286292633462
2.3700155179129125	2.434509071694178	2.484286292633462
2.358194403286649	2.434509071694178	2.4882266641755497
2.358194403286649	2.434509071694178	2.4882266641755497
2.3345521740341217	2.434509071694178	2.4882266641755497
2.3109099447815944	2.4730913237226417	2.4882266641755497
2.3109099447815944	2.4730913237226417	2.4882266641755497
2.3109099447815944	2.4730913237226417	2.4882266641755497
2.2557447431923636	2.5502558277795697	2.4961074072597254
2.31879068786577	2.3959268196657137	2.500047778801813
2.31879068786577	2.3959268196657137	2.500047778801813
2.46852480646511	2.3959268196657137	2.500047778801813
2.6891856128220324	2.3959268196657137	2.5039881503439014
2.1611758261822542	2.5502558277795697	2.5079285218859892
2.1138913676771995	2.5502558277795697	2.5079285218859892
2.1138913676771995	2.5502558277795697	2.5079285218859892
2.1611758261822542	2.5502558277795697	2.5079285218859892
2.39365774716544	2.434509071694178	2.515809264970165
2.4212403479600555	2.434509071694178	2.515809264970165
2.4882266641755497	2.3959268196657137	2.515809264970165
1.9286939051990681	2.7045848358934257	2.5276303795964288
2.3345521740341217	2.3959268196657137	2.5276303795964288
2.3345521740341217	2.3959268196657137	2.5276303795964288
2.4370018341284068	2.3959268196657137	2.5315707511385166
2.4370018341284068	2.3959268196657137	2.5315707511385166
2.358194403286649	2.434509071694178	2.5355111226806044
2.590676324269835	2.3959268196657137	2.54339186576478
2.275446600902803	2.3959268196657137	2.5630937234752196
2.3109099447815944	2.3959268196657137	2.5630937234752196
2.3384925455762096	2.4730913237226417	2.5630937234752196
2.3109099447815944	2.4730913237226417	2.5630937234752196
2.3384925455762096	2.4730913237226417	2.5630937234752196
2.3109099447815944	2.4730913237226417	2.5630937234752196
2.3384925455762096	2.4730913237226417	2.5630937234752196
2.3109099447815944	2.4730913237226417	2.5630937234752196
2.3384925455762096	2.4730913237226417	2.5630937234752196
2.401538490249616	2.3959268196657137	2.5670340950173074
2.397598118707528	2.434509071694178	2.5670340950173074
2.397598118707528	2.434509071694178	2.5670340950173074
2.5276303795964288	2.4730913237226417	2.5788552096435713
2.5276303795964288	2.4730913237226417	2.5788552096435713
1.9917398498724745	2.7045848358934257	2.590676324269835
2.322731059407858	2.434509071694178	2.598557067354011
2.350313660202473	2.434509071694178	2.598557067354011
2.358194403286649	2.434509071694178	2.598557067354011
2.358194403286649	2.434509071694178	2.598557067354011
2.314850316323682	2.4730913237226417	2.6103781819802743
2.314850316323682	2.4730913237226417	2.6103781819802743
2.3109099447815944	2.4730913237226417	2.6182589250644503
2.287267715529067	2.4730913237226417	2.6182589250644503
2.4133596048758794	2.434509071694178	2.6616030120274172
2.4133596048758794	2.434509071694178	2.6616030120274172
2.4133596048758794	2.434509071694178	2.6616030120274172
2.4133596048758794	2.434509071694178	2.6616030120274172
2.389717375623352	3.0132428521211376	2.6616030120274172
2.3778962609970886	3.051825104149602	2.677364498195769
2.1454143400139025	2.588838079808034	2.6891856128220324
2.1454143400139025	2.588838079808034	2.6891856128220324
2.9059060476368668	2.8589138440072817	2.736470071327087
2.362134774828737	2.588838079808034	2.7561719290375266
2.362134774828737	2.4730913237226417	2.7561719290375266
3.0044153361890644	2.8589138440072817	2.7719334152058783
3.0044153361890644	2.8589138440072817	2.775873786747966
3.0044153361890644	2.8589138440072817	2.775873786747966
3.0044153361890644	2.8589138440072817	2.775873786747966
3.08716313857291	2.8589138440072817	2.775873786747966
3.083222767030822	2.8589138440072817	2.775873786747966
3.083222767030822	2.8589138440072817	2.775873786747966
2.945309763057746	2.8589138440072817	2.78769490137423
2.945309763057746	2.8589138440072817	2.78769490137423
3.000474964646976	2.8589138440072817	2.7955756444584057
2.9374290199735698	2.8589138440072817	2.7955756444584057
3.1186861109096133	2.8589138440072817	2.8034563875425813
3.1186861109096133	2.8589138440072817	2.8034563875425813
2.46852480646511	3.0132428521211376	2.815277502168845
2.500047778801813	3.0132428521211376	2.815277502168845
2.500047778801813	3.0132428521211376	2.815277502168845
2.933488648431482	2.8589138440072817	2.831038988337197
2.9965345931048883	2.8589138440072817	2.831038988337197
2.500047778801813	2.974660600092674	2.846800474505548
2.9374290199735698	2.8589138440072817	2.858621589131812
2.9374290199735698	2.8589138440072817	2.858621589131812
2.8034563875425813	2.8589138440072817	2.8862041899264272
2.8034563875425813	2.8589138440072817	2.8862041899264272
2.8034563875425813	2.8589138440072817	2.8862041899264272
2.9807731069365366	2.8589138440072817	2.8862041899264272
2.3384925455762096	3.051825104149602	2.890144561468515
2.3384925455762096	3.051825104149602	2.890144561468515
3.0044153361890644	2.8589138440072817	2.9256079053473063
2.890144561468515	2.897496096035746	2.933488648431482
2.890144561468515	2.897496096035746	2.933488648431482
2.5591533519331318	2.9360783480642096	2.9374290199735698
2.5591533519331318	2.9360783480642096	2.9374290199735698
2.815277502168845	2.897496096035746	2.945309763057746
2.6616030120274172	2.9360783480642096	2.945309763057746
2.815277502168845	2.897496096035746	2.945309763057746
2.846800474505548	2.897496096035746	2.945309763057746
2.846800474505548	2.897496096035746	2.945309763057746
2.8270986167951087	2.8589138440072817	2.945309763057746
2.945309763057746	2.8589138440072817	2.9492501345998337
2.8862041899264272	2.8589138440072817	2.9571308776840093
2.831038988337197	2.8589138440072817	2.976832735394449
3.098984253199174	2.8589138440072817	2.984713478478625
2.9531905061419215	2.8589138440072817	2.9965345931048883
2.5670340950173074	2.974660600092674	3.000474964646976
2.5670340950173074	2.974660600092674	3.000474964646976
2.5670340950173074	2.974660600092674	3.000474964646976
2.6616030120274172	2.9360783480642096	3.0044153361890644
2.6616030120274172	2.9360783480642096	3.0044153361890644
2.7167682136166476	2.897496096035746	3.0044153361890644
2.775873786747966	2.8589138440072817	3.0044153361890644
2.7955756444584057	2.8589138440072817	3.0083557077311522
2.858621589131812	2.8589138440072817	3.0359383085257674
2.858621589131812	2.8589138440072817	3.0359383085257674
2.9492501345998337	2.8589138440072817	3.0359383085257674
2.7640526721217022	2.8589138440072817	3.0359383085257674
3.0359383085257674	2.8589138440072817	3.0753420239466465
2.677364498195769	2.897496096035746	3.083222767030822
2.677364498195769	3.0132428521211376	3.08716313857291
2.775873786747966	2.8589138440072817	3.098984253199174
2.775873786747966	2.8589138440072817	3.098984253199174
2.4488229487546707	3.0132428521211376	3.1186861109096133
2.4488229487546707	3.0132428521211376	3.1186861109096133
2.78769490137423	2.8589138440072817	3.2329568856301623
